
[
  {
    "name":"World",
    "chest_unopened_img":"images/chest_open.png",
    "chest_opened_img":"images/chest_open.png",
    "children":
    [
	//Novalis
{
        "name":"Novalis",
        "access_rules":["Novalis"],
        "children":[
                  //Save the Chairman
                  {
                    "name":"Save the Chairman",
                    "access_rules":[""],
                    "map_locations":[
                      {
                        "map":"map",
                        "x":280,
                        "y":180
                      }
                    ],
                    "sections": [
                      {
                        "name":"Chairman",
                        "item_count":1,
                	"chest_unopened_img":"images/Infobot.png",
                	"chest_opened_img":"images/Infobot.png"
                      }
                    ]
                  },
                  //Plumber
                  {
                    "name":"Explore the waterworks",
                    "access_rules":[""],
                    "map_locations":[
                      {
                        "map":"map",
                        "x":390,
                        "y":210
                      }
                    ],
                    "sections": [
                      {
                        "name":"Plumber",
                        "item_count":1,
                	"chest_unopened_img":"images/Infobot.png",
                	"chest_opened_img":"images/Infobot.png",
                      }
                    ]
                  },
    		]
      },
	//Kerwan
{
        "name":"Kerwan",
        "access_rules":["Kerwan"],
        "children":[
                  //Al's Shack
                  {
                    "name":"Al's Roboshack",
                    "access_rules":[""],
                    "map_locations":[
                      {
                        "map":"map",
                        "x":860,
                        "y":290
                      }
                    ],
                    "sections": [
                      {
                        "name":"Al",
                        "item_count":1,
                	"chest_unopened_img":"images/Gadget.png",
                	"chest_opened_img":"images/Gadget.png",
                      }
                    ]
                  },
                  //Helga
                  {
                    "name":"Fitness Course",
                    "access_rules":[""],
                    "map_locations":[
                      {
                        "map":"map",
                        "x":640,
                        "y":480
                      }
                    ],
                    "sections": [
                      {
                        "name":"Helga",
                        "item_count":1,
                	"chest_unopened_img":"images/Gadget.png",
                	"chest_opened_img":"images/Gadget.png",
                      }
                    ]
                  },
                  //Train
                  {
                    "name":"Ride the Robot Train",
                    "access_rules":[	
			"Heli",
			"Thruster",
			"PDA,[Heli]",		//PDA Sideflips
			"PDA,[Thruster]"	//PDA Sideflips
			],
                    "map_locations":[
                      {
                        "map":"map",
                        "x":840,
                        "y":440
                      }
                    ],
                    "sections": [
                      {
                        "name":"Train",
                        "item_count":1,
                	"chest_unopened_img":"images/Infobot.png",
                	"chest_opened_img":"images/Infobot.png",
                      }
                    ]
                  },
    		]
      },
	//Aridia
{
        "name":"Aridia",
        "access_rules":["Aridia"],
        "children":[
                  //Skid
                  {
                    "name":"Help Skid get to his ship",
                    "access_rules":[""],
                    "map_locations":[
                      {
                        "map":"map",
                        "x":1430,
                        "y":350
                      }
                    ],
                    "sections": [
                      {
                        "name":"Skid",
                        "item_count":1,
                	"chest_unopened_img":"images/Gadget.png",
                	"chest_opened_img":"images/Gadget.png",
                      }
                    ]
                  },
                  //Trespasser
                  {
                    "name":"Use your Swingshot",
                    "access_rules":[
			"Thruster,[Swingshot]",		//ISF
			"Heli,[Swingshot]",		//Sinaflips
			"PDA,[Swingshot]",		//PDA Sideflips
			"Swingshot"
			],
                    "map_locations":[
                      {
                        "map":"map",
                        "x":1145,
                        "y":110
                      }
                    ],
                    "sections": [
                      {
                        "name":"Trespasser",
                        "item_count":1,
                	"chest_unopened_img":"images/Gadget.png",
                	"chest_opened_img":"images/Gadget.png",
                      }
                    ]
                  },
                  //Agent
                  {
                    "name":"Bring Prize to agent",
                    "access_rules":["Zoom"],
                    "map_locations":[
                      {
                        "map":"map",
                        "x":1430,
                        "y":110
                      }
                    ],
                    "sections": [
                      {
                        "name":"Agent",
                        "item_count":1,
                	"chest_unopened_img":"images/Gadget.png",
                	"chest_opened_img":"images/Gadget.png",
                      }
                    ]
                  },
    		]
      },
	//Eudora
{
        "name":"Eudora",
        "access_rules":["Eudora"],
        "children":[
                  //Confront Robot Lieutenant
                  {
                    "name":"Confront Robot Lieutenant",
                    "access_rules":[
			"Tres,Swingshot,Heli",
			"Tres,Swingshot,Thruster",
			"Heli,[Tres],[Swingshot]",			//SI
			"Thruster,[Tres],[Swingshot]",			//SI
			"[Tres],[Swingshot]",				//Packless SI (This Sucks)
			"PDA,[Tres],[Swingshot],[Heli]",		//PDA sideflips
			"PDA,[Tres],[Swingshot],[Thruster]",		//PDA sideflips
			"Decoy,[Tres],[Swingshot],[Heli]",		//Decoy Clip
			"Decoy,[Tres],[Swingshot],[Thruster]"		//Decoy Clip
			
			],
                    "map_locations":[
                      {
                        "map":"map",
                        "x":1850,
                        "y":350
                      }
                    ],
                    "sections": [
                      {
                        "name":"Robot Lieutenant",
                        "item_count":1,
                	"chest_unopened_img":"images/Infobot.png",
                	"chest_opened_img":"images/Infobot.png",
                      }
                    ]
                  },
    		]
      },
	//Blarg
{
        "name":"Blarg Station",
        "access_rules":["Blarg"],
        "children":[
                  //Clank section
                  {
                    "name":"Journey outside the airlock",
                    "access_rules":[
			"Tres",
			"Heli,[Tres]",		//Glide Out of Bounds
			"Thruster,[Tres]",	//Glide Out of Bounds
			"PDA,[Tres]"		//PDA sideflip
			],
                    "map_locations":[
                      {
                        "map":"map",
                        "x":2220,
                        "y":350
                      }
                    ],
                    "sections": [
                      {
                        "name":"Outside",
                        "item_count":1,
                	"chest_unopened_img":"images/Gadget.png",
                	"chest_opened_img":"images/Gadget.png",
                      }
                    ]
                  },
                  //Warship
                  {
                    "name":"Destroy the warship",
                    "access_rules":[""],
                    "map_locations":[
                      {
                        "map":"map",
                        "x":2580,
                        "y":380
                      }
                    ],
                    "sections": [
                      {
                        "name":"Warship",
                        "item_count":1,
                	"chest_unopened_img":"images/Infobot.png",
                	"chest_opened_img":"images/Infobot.png",
                      }
                    ]
                  },
                  //Alien Queen
                  {
                    "name":"Explore the space station",
                    "access_rules":[
			"Swingshot",
			"PDA,[Swingshot]",	//PDA Sideflip
			"Heli,[Swingshot]",	//Tight jump
			"Thruster,[Swingshot]"	//Tight jump
			],
                    "map_locations":[
                      {
                        "map":"map",
                        "x":2160,
                        "y":185
                      }
                    ],
                    "sections": [
                      {
                        "name":"Fred",
                        "item_count":1,
                	"chest_unopened_img":"images/Gadget.png",
                	"chest_opened_img":"images/Gadget.png",
                      }
                    ]
                  },
    		]
      },
	//Blackwater
{
        "name":"Rilgar",
        "access_rules":["Rilgar"],
        "children":[
                  //Sewers
                  {
                    "name":"Locate Captain Qwark",
                    "access_rules":[
			"Heli,Hydrod,Swingshot",
			"Thruster,Hydrod,Swingshot",
			"Heli,[Hydrod],[Swingshot]",		//Sinaflip or ILJ
			"Thruster,[Hydrod],[Swingshot]",	//ISF
			"PDA,[Hydrod],[Swingshot]",		//PDA sideflip
			"Swingshot,[Heli],[Hydrod]"		//Under map swim
			],
                    "map_locations":[
                      {
                        "map":"map",
                        "x":2760,
                        "y":335
                      }
                    ],
                    "sections": [
                      {
                        "name":"Bouncer",
                        "item_count":1,
                	"chest_unopened_img":"images/Infobot.png",
                	"chest_opened_img":"images/Infobot.png",
                      }
                    ]
                  },
                  //Hoverboard Race
                  {
                    "name":"Win the Hoverboard Race",
                    "access_rules":[
			"Hover,Heli",
			"Hover,Thruster",
			"Hover,[Heli]",		//Under map swim
			"Hover,[Thruster]",	//Under map swim
			"Thruster,[Hover]",	//ISF into racetrack
			"Heli,[Hover]",		//Sinaflip or ISJ into racetrack
			"PDA,[Hover]"		//PDA sideflip to racetrack
			],
                    "map_locations":[
                      {
                        "map":"map",
                        "x":2845,
                        "y":290
                      }
                    ],
                    "sections": [
                      {
                        "name":"Hoverboard Girl",
                        "item_count":1,
                	"chest_unopened_img":"images/Gadget.png",
                	"chest_opened_img":"images/Gadget.png",
                      }
                    ]
                  },
    		]
      },
	//Umbris
{
        "name":"Umbris",
        "access_rules":["Umbris"],
        "children":[
                  //Snagglebeast
                  {
                    "name":"Destroy the Snagglebeast",
                    "access_rules":[
			"Hydrod,Swingshot,Heli",
			"Hydrod,Swingshot,Thruster",
			"Heli,[Swingshot],[Hydrod]",		//ILJ
			"Thruster,Swingshot,[Hydrod]",		//ISF
			"PDA,[Swingshot],[Hydrod],[Heli]",	//PDA sideflip
			"PDA,[Swingshot],[Hydrod],[Thruster]",	//PDA sideflip
			"Swingshot,[Hydrod],[Heli]",		//Tight swing at start, Ghost Ratchet
			"Swingshot,[Hydrod],[Thruster]",	//Tight swing at start, Ghost Ratchet
			],
                    "map_locations":[
                      {
                        "map":"map",
                        "x":220,
                        "y":560
                      }
                    ],
                    "sections": [
                      {
                        "name":"Snagglebeast",
                        "item_count":1,
                	"chest_unopened_img":"images/Infobot.png",
                	"chest_opened_img":"images/Infobot.png",
                      }
                    ]
                  },
    		]
      },
	//Batalia
{
        "name":"Batalia",
        "access_rules":["Batalia"],
        "children":[
                  //Commando
                  {
                    "name":"Meet the Commando at city",
                    "access_rules":[""],
                    "map_locations":[
                      {
                        "map":"map",
                        "x":775,
                        "y":610
                      }
                    ],
                    "sections": [
                      {
                        "name":"Commando",
                        "item_count":1,
                	"chest_unopened_img":"images/Infobot.png",
                	"chest_opened_img":"images/Infobot.png",
                      }
                    ]
                  },
                  //Grind Rail
                  {
                    "name":"Ride the grind rail",
                    "access_rules":[
			"Grind",
			"Heli,[Grind]",		//SI
			"PDA,[Grind]"],		//PDA Sideflip
                    "map_locations":[
                      {
                        "map":"map",
                        "x":850,
                        "y":900
                      }
                    ],
                    "sections": [
                      {
                        "name":"Deserter",
                        "item_count":1,
                	"chest_unopened_img":"images/Infobot.png",
                	"chest_opened_img":"images/Infobot.png",
                      }
                    ]
                  },
                  //Turret
                  {
                    "name":"Destroy the bombers",
                    "access_rules":[
			"Magne",
			"Thruster",
			"PDA,[Magne]",		//PDA Sideflip
			"PDA,[Thruster]",	//PDA Sideflip
			"Heli,[Magne]",		//Tight Jump and SI
			"Heli,[Thruster]"	//Tight Jump and SI
			],
                    "map_locations":[
                      {
                        "map":"map",
                        "x":570,
                        "y":590
                      }
                    ],
                    "sections": [
                      {
                        "name":"Plumber",
                        "item_count":1,
                	"chest_unopened_img":"images/Gadget.png",
                	"chest_opened_img":"images/Gadget.png",
                      }
                    ]
                  },
    		]
	},
	//Orxon
{
        "name":"Orxon",
        "access_rules":["Orxon"],
        "children":[
                  //Clank 1st item
                  {
                    "name":"Search the labs",
                    "access_rules":[""],
                    "map_locations":[
                      {
                        "map":"map",
                        "x":1250,
                        "y":900
                      }
                    ],
                    "sections": [
                      {
                        "name":"Magneboots",
                        "item_count":1,
                	"chest_unopened_img":"images/Gadget.png",
                	"chest_opened_img":"images/Gadget.png",
                      }
                    ]
                  },
                  //Clank 2nd item
                  {
                    "name":"Traverse the wilderness",
                    "access_rules":[""],
                    "map_locations":[
                      {
                        "map":"map",
                        "x":1270,
                        "y":850
                      }
                    ],
                    "sections": [
                      {
                        "name":"Infobot",
                        "item_count":1,
                	"chest_unopened_img":"images/Infobot.png",
                	"chest_opened_img":"images/Infobot.png",
                      }
                    ]
                  },
		// Nanotech Vendor
                  {
                    "name":"Nanotech Vendor",
                    "clear_as_group": false,
                    "access_rules":[
			"O2,Thruster",
			"O2,Heli",
			"PDA,O2,[Heli]",	//PDA Sideflip
			"PDA,O2,[Thruster]"	//PDA Sideflip
			],
                    "map_locations":[
                      {
                        "map":"map",
                        "x":1120,
                        "y":850
                      }
                    ],
                    "sections": [
                      {
                        "name":"Buy Nanotech",
                        "item_count":2,
                	"chest_unopened_img":"images/Gadget.png",
                	"chest_opened_img":"images/Gadget.png",
                      }
                    ]
                  },
                  //Infobot chase
                  {
                    "name":"Explore as Ratchet",
                    "access_rules":[
			"O2,Thruster,[Swingshot],[Magne]",	//Tiptoes, SIs and Tight jumps
			"O2,Thruster,Swingshot,Magne",		
			"O2,Heli,Swingshot,Magne",
			"O2,PDA,[Thruster],[Swingshot],[Magne]"	//PDA Sideflip
			],
                    "map_locations":[
                      {
                        "map":"map",
                        "x":1385,
                        "y":760
                      }
                    ],
                    "sections": [
                      {
                        "name":"Infobot",
                        "item_count":1,
                	"chest_unopened_img":"images/Infobot.png",
                	"chest_opened_img":"images/Infobot.png",
                      }
                    ]
                  },
    		]
	},
	//Gaspar
{
        "name":"Gaspar",
        "access_rules":["Gaspar"],
        "children":[
                  //Pilots Helmet
                  {
                    "name":"Find the Pilot's Helmet",
                    "access_rules":[""],
                    "map_locations":[
                      {
                        "map":"map",
                        "x":1940,
                        "y":715
                      }
                    ],
                    "sections": [
                      {
                        "name":"Pilot's Helmet",
                        "item_count":1,
                	"chest_unopened_img":"images/Gadget.png",
                	"chest_opened_img":"images/Gadget.png",
                      }
                    ]
                  },
    		]
	},
	//Poki
{
        "name":"Pokitaru",
        "access_rules":["Poki"],
        "children":[
                  //Bob
                  {
                    "name":"Buy Thruster Pack",
                    "access_rules":[""],
                    "map_locations":[
                      {
                        "map":"map",
                        "x":2460,
                        "y":660
                      }
                    ],
                    "sections": [
                      {
                        "name":"Bob",
                        "item_count":1,
                	"chest_unopened_img":"images/Gadget.png",
                	"chest_opened_img":"images/Gadget.png",
                      }
                    ]
                  },
                  //Shoot planes
                  {
                    "name":"Destroy the blarg ships",
                    "access_rules":[
			"Pilot,Thruster",
			"Decoy,Pilot,[Thruster]"	//Decoy Clip
			],
                    "map_locations":[
                      {
                        "map":"map",
                        "x":2520,
                        "y":660
                      }
                    ],
                    "sections": [
                      {
                        "name":"Guy",
                        "item_count":1,
                	"chest_unopened_img":"images/Gadget.png",
                	"chest_opened_img":"images/Gadget.png",
                      }
                    ]
                  },
                  //Sewers
                  {
                    "name":"Give Raritanium",
                    "access_rules":[
			"Hydrod,Tres,Raritanium",
			"Hydro,O2,Raritanium,[Tres],[Hydrod]"	//Under Map Swim
			],
                    "map_locations":[
                      {
                        "map":"map",
                        "x":2380,
                        "y":1000
                      }
                    ],
                    "sections": [
                      {
                        "name":"Fred",
                        "item_count":1,
                	"chest_unopened_img":"images/Gadget.png",
                	"chest_opened_img":"images/Gadget.png",
                      }
                    ]
                  },
    		]
      },
	//Hoven
{
        "name":"Hoven",
        "access_rules":["Hoven"],
        "children":[
                  //planetbuster
                  {
                    "name":"Destory the Planetbuster",
                    "access_rules":[
			"[Pyro]",
			"[Blaster]",
			"[Suck]",
			"[Dev]",
			"[Vis]",
			"[Tesla]",
			"[RYNO]"],
                    "map_locations":[
                      {
                        "map":"map",
                        "x":2915,
                        "y":875
                      }
                    ],
                    "sections": [
                      {
                        "name":"Turret",
                        "item_count":1,
                	"chest_unopened_img":"images/Infobot.png",
                	"chest_opened_img":"images/Infobot.png",
                      }
                    ]
                  },
                  //Shoot planes
                  {
                    "name":"Buy the Hydro-pack",
                    "access_rules":[
			"Hydrod",
			"PDA,[Hydrod]",		//PDA Sideflip
			"Thruster,[Hydrod]",	//ISF
			"Heli,[Hydrod]"		//Sinaflip or ILJ
			],
                    "map_locations":[
                      {
                        "map":"map",
                        "x":3050,
                        "y":585
                      }
                    ],
                    "sections": [
                      {
                        "name":"Edwina",
                        "item_count":1,
                	"chest_unopened_img":"images/Gadget.png",
                	"chest_opened_img":"images/Gadget.png",
                      }
                    ]
                  },
                  //Drill Guy
                  {
                    "name":"Explore the Icy Wastes",
                    "access_rules":[
			"Swingshot,Heli",		
			"Swingshot,Thruster",		
			"Swingshot,[Heli]",		//Swingshot Swag
			"Swingshot,[Thruster]",		//Swingshot Swag
			"Thruster,[Swingshot]",		//ISF
			"Heli,[Swingshot]",		//Sinaflip, ILJ or Tight jumps
			"PDA,[Swingshot],[Heli]",	//PDA Sideflips
			"PDA,[Swingshot],[Thruster]"	//PDA Sideflips
			],
                    "map_locations":[
                      {
                        "map":"map",
                        "x":2810,
                        "y":965
                      }
                    ],
                    "sections": [
                      {
                        "name":"Aw Heck",
                        "item_count":1,
                	"chest_unopened_img":"images/Gadget.png",
                	"chest_opened_img":"images/Gadget.png",
                      }
                    ]
                  },
    		]
      },
	//Gemlik
{
        "name":"Gemlik",
        "access_rules":["Gemlik"],
        "children":[
                  //qwark
                  {
                    "name":"Explore Base",
                    "access_rules":[
			"Tres,Magne,Swingshot,Dev",
			"Tres,Magne,Swingshot,Vis",
			"Thruster,[Magne],[Tres],[Swingshot],[Dev]",	//Ground Pound Cancel, Neutral Double Jump
			"Thruster,[Magne],[Tres],[Swingshot],[Vis]",	//Ground Pound Cancel, Neutral Double Jump
			"Heli,[Magne],[Tres],[Swingshot],[Dev]",	//Tight High Jump, Momentum Chain
			"Heli,[Magne],[Tres],[Swingshot],[Vis]",	//Tight High Jump, Momentum Chain	
			"PDA,[Magne],[Tres],[Swingshot],[Dev]",		//PDA Sideflip
			"PDA,[Magne],[Tres],[Swingshot],[Vis]"		//PDA Sideflip
			],
                    "map_locations":[
                      {
                        "map":"map",
                        "x":160,
                        "y":1180
                      }
                    ],
                    "sections": [
                      {
                        "name":"Qwark",
                        "item_count":1,
                	"chest_unopened_img":"images/Infobot.png",
                	"chest_opened_img":"images/Infobot.png",
                      }
                    ]
                  },
    		]
      },
	//Oltanis
{
        "name":"Oltanis",
        "access_rules":["Oltanis"],
        "children":[
                  //qwark
                  {
                    "name":"Purchase the PDA from 'Steve'",
                    "access_rules":[
			"Magne",
			"PDA,[Magne]"	//PDA Sideflip
			],
                    "map_locations":[
                      {
                        "map":"map",
                        "x":840,
                        "y":1400
                      }
                    ],
                    "sections": [
                      {
                        "name":"'Steve'",
                        "item_count":1,
                	"chest_unopened_img":"images/Gadget.png",
                	"chest_opened_img":"images/Gadget.png",
                      }
                    ]
                  },
                  //deafguy
                  {
                    "name":"Find Survivors",
                    "access_rules":[
			"Grind",
			"PDA,[Grind]",		//PDA Sideflip
			"Magne,[Grind]"		//Magnewalk
			],
                    "map_locations":[
                      {
                        "map":"map",
                        "x":750,
                        "y":1290
                      }
                    ],
                    "sections": [
                      {
                        "name":"Scrap Merchant",
                        "item_count":1,
                	"chest_unopened_img":"images/Infobot.png",
                	"chest_opened_img":"images/Infobot.png",
                      }
                    ]
                  },
    		]
	},
	//Quartu
{
        "name":"Quartu",
        "access_rules":["Quartu"],
        "children":[
                  //Giant Clank
                  {
                    "name":"Destroy the Ultra-Mechs",
                    "access_rules":[
			"Swingshot",
			"Heli,[Swingshot]",	//Momentum Chain
			"Thruster,[Swingshot]",	//Neutral double jump ground pound cancel
			"PDA,[Swingshot]"	//PDA sideflip
			],
                    "map_locations":[
                      {
                        "map":"map",
                        "x":1100,
                        "y":1300
                      }
                    ],
                    "sections": [
                      {
                        "name":"Giant Clank",
                        "item_count":1,
                	"chest_unopened_img":"images/Infobot.png",
                	"chest_opened_img":"images/Infobot.png",
                      }
                    ]
                  },
                  //Water Section
                  {
                    "name":"Water Path",
                    "access_rules":["O2,Hydro"],
                    "map_locations":[
                      {
                        "map":"map",
                        "x":1400,
                        "y":1350
                      }
                    ],
                    "sections": [
                      {
                        "name":"Bolt-Grabber",
                        "item_count":1,
                	"chest_unopened_img":"images/Gadget.png",
                	"chest_opened_img":"images/Gadget.png",
                      }
                    ]
                  },
                  //Robot Section
                  {
                    "name":"Robot Facility",
                    "access_rules":[
			"Hologuise,Thruster,Swingshot",
			"Thruster,[Hologuise],[Swingshot]",		//Slide Edge Glide
			"PDA,[Thruster],[Hologuise],[Swingshot]",	//PDA Sideflip
			"Hologuise,Swingshot,[Thruster]"		//OoB jumps, Ghost Ratchet
			],
                    "map_locations":[
                      {
                        "map":"map",
                        "x":1365,
                        "y":1175
                      }
                    ],
                    "sections": [
                      {
                        "name":"Clank's Mum",
                        "item_count":1,
                	"chest_unopened_img":"images/Infobot.png",
                	"chest_opened_img":"images/Infobot.png",
                      }
                    ]
                  },
    		]
      },
	//Kalebo III
{
        "name":"Kalebo III",
        "access_rules":["Kalebo"],
        "children":[
                  //Giant Cock
                  {
                    "name":"Gadgetron Help Desk",
                    "access_rules":[
			"Grind",
			"PDA,[Grind]"	//PDA Sideflip
			],
                    "map_locations":[
                      {
                        "map":"map",
                        "x":1910,
                        "y":1285
                      }
                    ],
                    "sections": [
                      {
                        "name":"Desk Girl",
                        "item_count":1,
                	"chest_unopened_img":"images/Gadget.png",
                	"chest_opened_img":"images/Gadget.png",
                      }
                    ]
                  },
                  //War path
                  {
                    "name":"Win Hoverboard Race",
                    "access_rules":[
			"$Kalebo_switch,Heli,Swingshot,Grind,Hover",
			"$Kalebo_switch,Thruster,Swingshot,Grind,Hover",
			"PDA,Hover,[Swingshot],[Grind],[Heli],[$Kalebo_switch]",	//PDA Sideflip
			"Vis,Hover,[Swingshot],[Grind],[Heli],[$Kalebo_switch]",	//Visibomb the switch
			"Suck,Heli,Hover,Swingshot,[Grind],[$Kalebo_switch]",			//Swingshot Swag
			"Suck,Thruster,Hover,Swingshot,[Grind],[$Kalebo_switch]"		//Swingshot Swag
			],
                    "map_locations":[
                      {
                        "map":"map",
                        "x":1650,
                        "y":1170
                      }
                    ],
                    "sections": [
                      {
                        "name":"Gadgetron CEO",
                        "item_count":1,
                	"chest_unopened_img":"images/Gadget.png",
                	"chest_opened_img":"images/Gadget.png",
                      }
                    ]
                  },
    		]
      },
	//Fleet
{
        "name":"Drek's Fleet",
        "access_rules":["Fleet"],
        "children":[
                  //Codebot
                  {
                    "name":"Water Path",
                    "access_rules":[
			"O2,Hydro",
			"[O2],[Hydro]"	//Out of Bounds walk
			],
                    "map_locations":[
                      {
                        "map":"map",
                        "x":2320,
                        "y":1325
                      }
                    ],
                    "sections": [
                      {
                        "name":"Codebot",
                        "item_count":1,
                	"chest_unopened_img":"images/Gadget.png",
                	"chest_opened_img":"images/Gadget.png",
                      }
                    ]
                  },
                  //War path
                  {
                    "name":"Fight through the ships",
                    "access_rules":[
			"Hologuise,Magne",
			"PDA,[Hologuise],[Magne]",		//PDA Sideflip
			"Magne,[Hologuise]",			//Hyperstrike Robots through shields
			"Thruster,[Hologuise],[Magne]"		//Ground Poun Clip or Ground Pound Cancel

			],
                    "map_locations":[
                      {
                        "map":"map",
                        "x":2513,
                        "y":1145
                      }
                    ],
                    "sections": [
                      {
                        "name":"Drek's Bridge",
                        "item_count":1,
                	"chest_unopened_img":"images/Infobot.png",
                	"chest_opened_img":"images/Infobot.png",
                      }
                    ]
                  },
    		]
	},
	//Veldin
{
        "name":"Veldin 2",
        "access_rules":["Veldin"],
        "children":[
                  //Drek
                  {
                    "name":"Defeat Drek",
                    "access_rules":[
			"Tres,Magne,Hydrod,Thruster,Swingshot",
			"Thruster, Heli, Swingshot,[Tres],[Magne],[Hydrod]",	//SI and Ghost Ratchet
			"Thruster,PDA,[Swingshot],[Tres],[Magne],[Hydrod]"	//PDA Sideflips
			],
                    "map_locations":[
                      {
                        "map":"map",
                        "x":2905,
                        "y":1405
                      }
                    ],
                    "sections": [
                      {
                        "name":"Win Game",
                        "item_count":1
                      }
                    ]
                  },
    		]
      },
    ]
  }
]
