{
    "tracker_broadcast": 
 {
        "type": "array",
        "margin": "10",
        "content": 
  [
   {
             "type": "array",
             "orientation": "vertical",
             "content": 
    [
     {
                "type": "array",
                "orientation": "horizontal",
                "content": 
      [
       {
       "type": "array",
       "orientation": "vertical",
       "content": [
 		{
       		"type": "itemgrid",
        	"h_alignment": "center",
		"item_size": 45,
        	"item_margin": "3,3",
        	"rows": [             
		["Bomb",	"Pyro",		"Blaster",	"Doom",		"Mine"	],
		["Taunt",	"Suck",		"Dev",		"Wallop",	"Visi"	],
		["Decoy",	"Drone",	"Tesla",	"Morph",	"RYNO"	],
	   	["Tres",	"Hydrod",	"Swingshot",	"Hover",	"Persuader",	"Bolt_Grabber"	],
                ["PDA",		"Metal",	"Hologuise",	"Nanotech1",	"Nanotech2",	"Map-o-Matic"	],
            	["Heli",	"Thruster",	"Hydro",	"Zoom",		"Raritanium",	"Codebot"	],
            	["O2",		"Sonic",	"Pilot",	"Grind",	"Magne",	"Gold"		],
	]
      },
	{
		"type": "itemgrid",
       "v_alignment": "top",
       "margin": "2,0,2,0",
		"item_size": 64,
       "item_margin": "3,3",
       "rows": [
          	[ "NovalisName", "KerwanName", "AridiaName",  "EudoraName",  "BlargName",  "RilgarName"],
	   	[ "UmbrisName", "BataliaName", "OrxonName",  "GasparName", "PokiName",    "HovenName" ],
	   	[ "GemlikName", "OltanisName", "QuartuName", "KaleboName", "FleetName",   "VeldinName"],
        ]
	}
    ]
       },
       {
                "type": "array",
                "orientation": "vertical",
                "content": 
        [
         {
                        "type": "map",
                        "maps":["map"],
			"height": 600,
         }
        ]
       }
      ]
     },
     {
                        "type": "container",
                        "margin": "0,0,3,0",
                        "content": 
      {
                            "type": "recentpins",
			    "style": "wrap",
                            "h_alignment": "stretch",
                            "v_alignment": "stretch",
                            "orientation": "vertical",
                            "compact": true,
                            "num_items": 1
      }
     }
    ]
   }
  ]
 }
}
