{
    "tracker_broadcast": 
 {
        "type": "array",
        "margin": "10",
        "content": 
  [
   {
             "type": "array",
             "orientation": "vertical",
             "content": 
    [
     {
                "type": "array",
                "orientation": "horizontal",
                "content": 
      [
       {
                        "type": "itemgrid",
                        "h_alignment": "center",
                        "v_alignment": "center",
                        "item_margin": "4,5",
                        "rows": 
	[
	    [	"Novalis",	"Kerwan",	,"Tres",	"Hydrod",		"Swingshot"	],
            [	"Aridia",	"Eudora",	,"PDA",		"Metal",		"Hologuise"	],
            [	"Blarg",	"Rilgar",	,"Heli",	"Thruster",		"Hydro"		],
            [	"Umbris",	"Batalia",	,"O2",		"Sonic",		"Pilot"		],
            [	"Orxon",	"Gaspar",	,,		"Grind",		"Magne"		],
            [	"Poki",		"Hoven",	,,		,			,		],
            [	"Gemlik",	"Oltanis",	,"Hover",	"Persuader",		"Bolt_Grabber"	],
            [	"Quartu",	"Kalebo",	,"Nanotech1",	"Nanotech2",		"Map-o-Matic"	],
            [	"Fleet",	"Veldin",	,"Zoom",	"Raritanium",		"Codebot"	],
        ]
       },
       {
                "type": "array",
                "orientation": "vertical",
                "content": 
        [
         {
                        "type": "map",
                        "maps":["map"],
			"height": 600,
         }
        ]
       }
      ]
     },
     {
                        "type": "container",
                        "margin": "0,0,3,0",
                        "content": 
      {
                            "type": "recentpins",
			    "style": "wrap",
                            "h_alignment": "stretch",
                            "v_alignment": "stretch",
                            "orientation": "vertical",
                            "compact": true,
                            "num_items": 1
      }
     }
    ]
   }
  ]
 }
}
