{
   "shared_item_grid": {
       "type": "array",
       "orientation": "vertical",
       "content": [
 		{
       		"type": "itemgrid",
        	"h_alignment": "center",
			"item_size": 40,
        	"item_margin": "1,1",
        	"rows": [
				["Bomb",	"Pyro",		"Blaster",	"Doom",		"Mine"	],
				["Taunt",	"Suck",		"Dev",		"Wallop",	"Visi"	],
				["Decoy",	"Drone",	"Tesla",	"Morph",	"RYNO"	],
				["Tres",	"Hydrod",	"Swingshot",	"Hover",	"Persuader",	"Bolt_Grabber"	],
                ["PDA",		"Metal",	"Hologuise",	"Nanotech1",	"Nanotech2",	"Map-o-Matic"	],
            	["Heli",	"Thruster",	"Hydro",	"Zoom",		"Raritanium",	"Codebot"	],
            	["O2",		"Sonic",	"Pilot",	"Grind",	"Magne",	"Gold"		],
	]
      },
	{
		"type": "itemgrid",
       	"v_alignment": "top",
       	"margin": "2,0,2,0",
		"item_size": 60,
       	"item_margin": "3,3",
       	"rows": [
		[ "NovalisName", "KerwanName", "AridiaName",  "EudoraName",  "BlargName",  "RilgarName"],
		[ "UmbrisName", "BataliaName", "OrxonName",  "GasparName", "PokiName",    "HovenName" ],
		[ "GemlikName", "OltanisName", "QuartuName", "KaleboName", "FleetName",   "VeldinName"],
        ]
	}
    ]
 },
 "shared_vendor_grid": {
	        "type": "container",
			"content": {
				            "type": "itemgrid",
            "h_alignment": "center",
            "item_margin": "3,3",
            "rows": [
			[	"NovalisName_v",	"KerwanName_v",	,					"EudoraName_v",		"BlargName_v",	"RilgarName_v"	],
            [	"BataliaName_v",	"OrxonName_v",	"GasparName_v",		"PokiName_v",		"HovenName_v",	"OltanisName_v"	]
	]
        }
 },
 "tracker_capture_item": {
        "type": "container",
        "content": {
            "type": "itemgrid",
            "h_alignment": "center",
            "item_margin": "3,3",
            "rows": [
				["Bomb",	"Pyro",		"Blaster",	"Doom",		"Mine"	],
				["Taunt",	"Suck",		"Dev",		"Wallop",	"Visi"	],
				["Decoy",	"Drone",	"Tesla",	"Morph",	"RYNO"	],
				["Tres",	"Hydrod",	"Swingshot",	"Hover",	"Persuader",	"Bolt_Grabber"	],
                ["PDA",		"Metal",	"Hologuise",	"Nanotech1",	"Nanotech2",	"Map-o-Matic"	],
            	["Heli",	"Thruster",	"Hydro",	"Zoom",		"Raritanium",	"Codebot"	],
            	["O2",		"Sonic",	"Pilot",	"Grind",	"Magne",	"Gold"		],
	]
        }
    },
    "options_popup": {
      "type": "group",
      "header": "Settings",
      "content": {
        "type": "itemgrid",
        "h_alignment": "left",
        "item_margin": "1,4",
        "rows": [
		//["AGB"],
		["Gold_Weapons"],
		["Weapons"]
                ]
      }
    },
    "tracker_default": {
        "type": "container",
        "background": "#877373",
        "content": {
            "type": "dock",
            "dropshadow": true,
            "content": [
                {
                    "type": "dock",
                    "dock": "bottom",
                    "v_alignment": "stretch",
                    "margin":"0,0,3,0",
                    "content": [
                        {
                            "type": "group",
                            "header": "Items",
							"h_alignment": "stretch",
                            "dock": "left",
							"header_content": 	{
								"type": "button_popup",
								"style": "settings",
								"popup_background": "#50877373",
								"layout": "options_popup"
												},
                            "content":	{
                                "type": "layout",
                                "key": "shared_item_grid"
										}
						},
						{
								"type": "group",
								"header": "Pinned Locations",
								"content": {
									"type": "recentpins",
									"style": "wrap",
									"v_alignment": "stretch",
									"orientation": "vertical",
									"compact": true
								}
                        },
		       ]
		      },
		{
                                      "type":"map",
                                      "maps":["map"]
		}
            ]
        }
    },
    "tracker_horizontal": {
        "type": "container",
        "background": "#877373",
        "content": {
            "type": "dock",
            "dropshadow": true,
            "content": [
                {
                    "type": "dock",
                    "dock": "left",
                    "v_alignment": "stretch",
                    "margin":"0,0,3,0",
                    "content": [
                        {
                            "type": "group",
                            "header": "Items",
							"h_alignment": "stretch",
                            "dock": "top",
							"header_content": 	{
								"type": "button_popup",
								"style": "settings",
								"popup_background": "#50877373",
								"layout": "options_popup"
												},
                            "content":	{
                                "type": "layout",
                                "key": "shared_item_grid"
										}
                        },
                        {
                            "type": "group",
							"width": 413,
                            "header": "Pinned Items",
							"h_alignment": "stretch",
                            "dock": "top",
                            "content": {
									"type": "recentpins",
									"style": "wrap",
									"v_alignment": "stretch",
									"orientation": "vertical",
									"compact": true
								}
                        },
		       ]
		      },
		{
                                      "type":"map",
                                      "maps":["map"]
		}
	 ]
	}
       }
}