{
   "shared_item_grid": {
       "type": "array",
       "orientation": "vertical",
       "content": [
 		{
       		"type": "itemgrid",
        	"h_alignment": "center",
		"item_size": 40,
        	"item_margin": "3,3",
        	"rows": [
		["Bomb",	"Pyro",		"Blaster",	"Doom",		"Mine"	],
		["Taunt",	"Suck",		"Dev",		"Wallop",	"Visi"	],
		["Decoy",	"Drone",	"Tesla",	"Morph",	"RYNO"	],
	   	["Tres",	"Hydrod",	"Swingshot",	"Hover",	"Persuader",	"Bolt_Grabber"	],
                ["PDA",		"Metal",	"Hologuise",	"Nanotech1",	"Nanotech2",	"Map-o-Matic"	],
            	["Heli",	"Thruster",	"Hydro",	"Zoom",		"Raritanium",	"Codebot"	],
            	["O2",		"Sonic",	"Pilot",	"Grind",	"Magne",	""		],
	]
      },
	{
		"type": "itemgrid",
       	"v_alignment": "top",
       	"margin": "2,0,2,0",
	"item_size": 60,
       	"item_margin": "3,3",
       	"rows": [
           [ "NovalisName", "KerwanName", "AridiaName",  "EudoraName",  "BlargName",  "RilgarName"],
	   [ "UmbrisName", "BataliaName", "OrxonName",  "GasparName", "PokiName",    "HovenName" ],
	   [ "GemlikName", "OltanisName", "QuartuName", "KaleboName", "FleetName",   "VeldinName"],
        ]
	}
    ]
 },
 "tracker_capture_item": {
        "type": "container",
        "content": {
            "type": "itemgrid",
            "h_alignment": "center",
            "item_margin": "3,3",
            "rows": [
	    [	"Novalis",	"Kerwan",	,"Tres",	"Hydrod",		"Swingshot"	],
            [	"Aridia",	"Eudora",	,"PDA",		"Metal",		"Hologuise"	],
            [	"Blarg",	"Rilgar",	,"Heli",	"Thruster",		"Hydro"		],
            [	"Umbris",	"Batalia",	,"O2",		"Sonic",		"Pilot"		],
            [	"Orxon",	"Gaspar",	,,		"Grind",		"Magne"		],
            [	"Poki",		"Hoven",	,,		,			,		],
            [	"Gemlik",	"Oltanis",	,"Hover",	"Persuader",		"Bolt_Grabber"	],
            [	"Quartu",	"Kalebo III",	,"Nanotech1",	"Nanotech2",		"Map-o-Matic"	],
            [	"Fleet",	"Veldin",	,"Zoom",	"Raritanium",		"Codebot"	],
	]
        }
    },
    "tracker_default": {
        "type": "container",
        "background": "#877373",
        "content": {
            "type": "dock",
            "dropshadow": true,
            "content": [
                {
                    "type": "dock",
                    "dock": "bottom",
                    "v_alignment": "stretch",
                    "margin":"0,0,0,0",
                    "content": [
                        {
                            "type": "group",
                            "header": "Items",
		    	    "h_alignment": "stretch",
                            "dock": "left",
                            "content": {
                                "type": "layout",
                                "key": "shared_item_grid"
                            }
                        },
		       ]
		      },
		{
                                      "type":"map",
                                      "maps":["map"]
		}
            ]
        }
    },
    "tracker_horizontal": {
        "type": "container",
        "background": "#877373",
        "content": {
            "type": "dock",
            "dropshadow": true,
            "content": [
                {
                    "type": "dock",
                    "dock": "left",
                    "v_alignment": "stretch",
                    "margin":"0,0,3,0",
                    "content": [
                        {
                            "type": "group",
                            "header": "Items",
		    	    "h_alignment": "stretch",
                            "dock": "top",
                            "content": {
                                "type": "layout",
                                "key": "shared_item_grid"
                            }
                        },
		       ]
		      },
		{
                                      "type":"map",
                                      "maps":["map"]
		}
	 ]
	}
       }
}